{"files":["plantprahoje.online_wpvivid-65b803f99939d_2024-01-29-20-00_backup_db.sql"],"tables":[{"name":"wp_e_events","size":32768,"rows":"9"},{"name":"wp_links","size":32768,"rows":"0"},{"name":"wp_presto_player_audio_presets","size":32768,"rows":"4"},{"name":"wp_presto_player_email_collection","size":32768,"rows":"0"},{"name":"wp_presto_player_presets","size":32768,"rows":"5"},{"name":"wp_presto_player_webhooks","size":32768,"rows":"0"},{"name":"wp_term_relationships","size":32768,"rows":"2"},{"name":"wp_commentmeta","size":49152,"rows":"0"},{"name":"wp_term_taxonomy","size":49152,"rows":"2"},{"name":"wp_termmeta","size":49152,"rows":"0"},{"name":"wp_terms","size":49152,"rows":"2"},{"name":"wp_usermeta","size":49152,"rows":"25"},{"name":"wp_users","size":65536,"rows":"0"},{"name":"wp_presto_player_videos","size":81920,"rows":"2"},{"name":"wp_comments","size":98304,"rows":"0"},{"name":"wp_presto_player_visits","size":98304,"rows":"0"},{"name":"wp_options","size":3260416,"rows":"243"},{"name":"wp_posts","size":7897088,"rows":"300"},{"name":"wp_postmeta","size":13238272,"rows":"1593"}],"dump_db":1,"file_type":"databases","home_url":"http:\/\/plantprahoje.online","root_flag":"custom","php_version":"8.1.23","mysql_version":"8.0.16","wp_version":"6.4.2","find_zero_date":1,"file":"plantprahoje.online_wpvivid-65b803f99939d_2024-01-29-20-00_backup_db.part001.zip"}